emp_no,first_name,last_name,hire_date
10001,Casey,Wilson,1990-05-08
10002,Riley,Martin,1999-01-02
10003,Jamie,Wilson,1996-11-23
10004,Drew,Brown,2005-07-02
10005,Morgan,Hall,2009-06-10
10006,Avery,Lee,2006-11-12
10007,Drew,Hall,2012-03-29
10008,Avery,Jones,2002-08-23
10009,Drew,Walker,2008-01-10
10010,Alex,Clark,2008-09-23
10011,Alex,Taylor,2001-08-24
10012,Taylor,Taylor,1999-02-04
10013,Taylor,Smith,2006-02-06
10014,Casey,Martin,1992-05-16
10015,Taylor,Wilson,1997-01-20
10016,Drew,Hall,1994-09-13
10017,Cameron,King,2008-02-08
10018,Jordan,Wilson,2011-10-30
10019,Cameron,Young,1997-07-02
10020,Morgan,Lee,1992-05-20
10021,Riley,Lee,2005-12-09
10022,Jordan,Walker,2010-05-05
10023,Jamie,Hall,2006-12-30
10024,Alex,Lee,1990-01-07
10025,Jordan,Jones,2005-07-12
10026,Taylor,Walker,1992-09-21
10027,Avery,Lee,2010-11-06
10028,Taylor,Lee,2010-08-03
10029,Riley,Taylor,1996-05-27
10030,Taylor,Wilson,2002-04-04
10031,Sam,Lee,2011-06-16
10032,Alex,Young,1996-04-01
10033,Robin,Young,2010-06-08
10034,Alex,Martin,2005-07-18
10035,Taylor,Young,2013-05-01
10036,Jordan,Smith,1995-11-04
10037,Jamie,Martin,2002-04-29
10038,Cameron,King,2011-01-01
10039,Jamie,Brown,2010-10-03
10040,Drew,Walker,1997-05-19
10041,Taylor,Taylor,1997-01-09
10042,Avery,Smith,2003-08-12
10043,Taylor,Young,1993-10-21
10044,Cameron,Lee,2003-10-16
10045,Sam,Clark,2008-09-19
10046,Morgan,Taylor,2010-08-28
10047,Alex,Jones,2007-10-19
10048,Cameron,Hall,2007-11-29
10049,Cameron,Taylor,1997-06-22
10050,Morgan,King,2003-07-01
10051,Robin,Clark,2007-04-15
10052,Jordan,Hall,1995-04-01
10053,Riley,Martin,2007-11-16
10054,Jamie,Taylor,1992-02-03
10055,Sam,Young,2014-10-16
10056,Jamie,King,2007-05-29
10057,Drew,Martin,2009-11-14
10058,Drew,Young,2003-12-07
10059,Avery,Clark,2003-04-15
10060,Casey,Taylor,2014-03-27
10061,Alex,Walker,1991-07-23
10062,Sam,Brown,2012-01-05
10063,Avery,Young,2009-12-01
10064,Avery,King,2008-04-05
10065,Alex,Young,2006-09-28
10066,Taylor,Smith,2014-01-13
10067,Jordan,Taylor,2000-11-28
10068,Casey,Hall,1993-06-26
10069,Casey,Young,1997-05-07
10070,Drew,Walker,2012-09-08
10071,Taylor,King,2003-08-05
10072,Jamie,Martin,1992-02-17
10073,Riley,Young,2013-09-29
10074,Alex,Martin,1995-06-24
10075,Drew,Young,2001-11-26
10076,Robin,Smith,1996-08-30
10077,Morgan,Clark,2005-02-22
10078,Taylor,Lee,2003-02-24
10079,Casey,Martin,2011-01-04
10080,Sam,Brown,2012-01-07
10081,Casey,Lee,1995-04-23
10082,Casey,Wilson,2007-09-09
10083,Drew,Wilson,2012-11-11
10084,Sam,Martin,1996-12-17
10085,Avery,Young,2005-03-30
10086,Robin,Young,1990-06-05
10087,Morgan,Martin,2006-12-07
10088,Avery,Brown,1999-10-21
10089,Robin,Walker,2002-01-07
10090,Morgan,Martin,2002-11-13
10091,Riley,King,2008-11-13
10092,Drew,Lee,2001-03-05
10093,Taylor,Martin,2014-10-29
10094,Riley,Smith,2008-12-06
10095,Casey,King,1996-05-20
10096,Casey,Young,1998-11-05
10097,Cameron,Young,2011-07-14
10098,Avery,Taylor,2000-10-02
10099,Alex,Wilson,1994-03-08
10100,Jamie,Lee,2009-08-13
10101,Taylor,Brown,2003-03-09
10102,Jamie,Young,2014-03-30
10103,Drew,Hall,2010-12-02
10104,Riley,Walker,1998-01-18
10105,Cameron,Hall,1993-10-08
10106,Cameron,Hall,1990-12-11
10107,Taylor,Lee,2010-04-17
10108,Morgan,Clark,2010-05-04
10109,Casey,Clark,1998-06-30
10110,Avery,Martin,1994-01-04
10111,Jamie,Lee,2000-01-30
10112,Avery,King,2005-02-23
10113,Morgan,Lee,2013-08-06
10114,Riley,Walker,2010-11-18
10115,Avery,Martin,1990-09-23
10116,Avery,Wilson,2001-12-16
10117,Riley,Martin,1994-07-01
10118,Riley,Taylor,1990-03-21
10119,Sam,Martin,1990-01-14
10120,Alex,Taylor,2004-11-04
10121,Taylor,Jones,2006-02-10
10122,Sam,Taylor,2006-02-01
10123,Casey,Jones,2011-03-05
10124,Alex,Young,1996-10-13
10125,Jamie,Brown,2014-06-09
10126,Taylor,Lee,2003-05-19
10127,Drew,Lee,2012-04-06
10128,Morgan,Brown,2004-04-23
10129,Morgan,Smith,1994-12-06
10130,Drew,Martin,2006-12-24
10131,Avery,King,2011-10-02
10132,Jordan,Clark,2001-08-30
10133,Robin,Taylor,2006-11-02
10134,Casey,Lee,2012-12-12
10135,Avery,Hall,1990-07-26
10136,Casey,Brown,2006-03-27
10137,Drew,Smith,2002-09-12
10138,Jordan,Taylor,2008-04-18
10139,Morgan,King,2010-10-29
10140,Jamie,Martin,1992-08-14
10141,Cameron,Clark,1999-09-05
10142,Taylor,Brown,1996-05-20
10143,Sam,Brown,2003-08-11
10144,Alex,King,1993-01-07
10145,Robin,Smith,2004-09-25
10146,Jordan,Smith,2014-01-15
10147,Drew,Walker,1995-07-15
10148,Riley,Wilson,2001-02-15
10149,Sam,Brown,2006-08-13
10150,Taylor,Walker,2010-09-02
10151,Casey,Wilson,2004-03-29
10152,Sam,Walker,2011-02-27
10153,Jordan,Hall,1991-08-06
10154,Jamie,Jones,1992-01-24
10155,Jamie,Wilson,2002-05-23
10156,Robin,King,2012-07-14
10157,Riley,Taylor,1993-08-07
10158,Alex,Smith,1997-09-06
10159,Jordan,Jones,2004-11-10
10160,Sam,Young,2005-03-24
10161,Cameron,King,2000-02-24
10162,Jordan,Jones,2011-07-28
10163,Avery,Walker,2006-04-10
10164,Sam,Brown,2002-06-19
10165,Morgan,Wilson,1992-12-18
10166,Jordan,Clark,2000-06-14
10167,Morgan,Clark,1998-03-12
10168,Sam,Martin,2008-09-04
10169,Jamie,Martin,2011-05-21
10170,Casey,Lee,2007-08-26
10171,Sam,Clark,2000-10-05
10172,Sam,Lee,2001-04-26
10173,Jordan,Brown,2007-05-12
10174,Cameron,Young,1993-06-25
10175,Riley,Jones,2008-01-04
10176,Jamie,Martin,2004-07-29
10177,Sam,Smith,2008-06-17
10178,Taylor,King,2001-06-26
10179,Jordan,Jones,2014-11-12
10180,Morgan,Martin,1992-05-24
10181,Drew,Taylor,2007-04-29
10182,Morgan,Jones,2014-08-22
10183,Avery,Jones,2000-11-21
10184,Avery,Walker,1995-05-08
10185,Casey,Lee,1995-08-09
10186,Morgan,Hall,1998-10-09
10187,Riley,Jones,2003-11-20
10188,Sam,Wilson,2003-05-30
10189,Jordan,Young,1996-12-29
10190,Casey,Lee,2007-01-02
10191,Taylor,Young,2001-06-14
10192,Riley,Hall,2006-11-19
10193,Casey,Young,2013-11-26
10194,Riley,King,2006-03-02
10195,Casey,Brown,2007-01-20
10196,Avery,Brown,2002-09-19
10197,Robin,Lee,2010-01-28
10198,Robin,Wilson,2007-12-01
10199,Robin,Smith,2013-08-28
10200,Robin,Wilson,2014-02-10
10201,Alex,King,2011-03-16
10202,Riley,Wilson,2012-09-28
10203,Riley,Jones,2001-06-13
10204,Taylor,Taylor,1990-05-09
10205,Drew,Clark,2009-10-06
10206,Cameron,King,1998-08-16
10207,Alex,Clark,2006-05-04
10208,Robin,Jones,2003-09-04
10209,Jamie,Brown,2012-01-23
10210,Jamie,Smith,2013-03-15
10211,Drew,Young,1991-06-01
10212,Jordan,Martin,2002-03-22
10213,Alex,Clark,1998-01-31
10214,Jamie,Jones,2005-07-20
10215,Jamie,Taylor,2001-06-28
10216,Alex,Wilson,2009-08-28
10217,Taylor,Walker,1999-06-07
10218,Jordan,Jones,1999-08-25
10219,Robin,Taylor,1990-03-08
10220,Casey,Smith,2004-06-26
10221,Casey,Jones,2013-02-07
10222,Riley,King,2014-10-25
10223,Drew,Brown,2004-09-11
10224,Casey,Brown,2010-02-21
10225,Drew,Walker,2013-06-01
10226,Jordan,Walker,2004-04-15
10227,Morgan,Hall,2003-08-23
10228,Jordan,Hall,1995-10-26
10229,Robin,Young,1996-11-29
10230,Jordan,Brown,2014-04-23
10231,Robin,Brown,2012-02-08
10232,Taylor,King,2006-01-01
10233,Morgan,Taylor,1992-11-01
10234,Jordan,King,2009-02-23
10235,Alex,Wilson,2013-01-10
10236,Alex,Hall,2007-07-02
10237,Avery,Wilson,2007-10-18
10238,Avery,Walker,2010-07-11
10239,Riley,Clark,2010-11-18
10240,Cameron,Jones,2004-10-25
10241,Drew,Jones,1996-12-19
10242,Morgan,Taylor,1992-01-24
10243,Riley,Walker,1991-03-02
10244,Riley,Lee,2000-01-30
10245,Robin,Smith,1993-10-16
10246,Sam,Brown,2001-03-27
10247,Alex,Smith,2004-09-18
10248,Drew,Martin,1991-04-09
10249,Cameron,Martin,2007-08-19
10250,Cameron,Clark,2014-09-08
10251,Drew,Young,1991-07-07
10252,Taylor,Clark,2008-05-14
10253,Jamie,Jones,2008-10-07
10254,Drew,Brown,1995-10-27
10255,Riley,Taylor,1999-12-11
10256,Sam,Taylor,2003-05-27
10257,Taylor,King,2006-05-07
10258,Riley,Wilson,1990-08-17
10259,Alex,Lee,1998-10-08
10260,Sam,Hall,1999-04-01
10261,Jordan,Martin,1998-04-02
10262,Jordan,Lee,2003-09-23
10263,Casey,Young,2013-10-09
10264,Alex,Walker,2012-06-15
10265,Robin,Clark,2013-01-15
10266,Casey,Martin,1997-07-03
10267,Jamie,Young,1998-11-28
10268,Sam,Clark,1996-09-04
10269,Casey,Clark,1993-01-21
10270,Riley,Hall,2010-12-15
10271,Morgan,Smith,2006-12-13
10272,Alex,Wilson,1991-08-24
10273,Drew,Walker,2004-11-07
10274,Morgan,Hall,2002-02-25
10275,Riley,Walker,2010-09-13
10276,Avery,Hall,2000-08-25
10277,Drew,Clark,1999-12-16
10278,Drew,Wilson,2001-05-03
10279,Taylor,King,2014-05-09
10280,Sam,Walker,1999-09-04
10281,Jamie,Martin,1991-07-30
10282,Morgan,Hall,1991-03-31
10283,Jamie,Taylor,2007-11-14
10284,Casey,Smith,1994-09-09
10285,Taylor,Young,2010-08-02
10286,Drew,Walker,2013-09-28
10287,Jordan,Hall,1996-05-12
10288,Jordan,Walker,1992-04-08
10289,Alex,Wilson,1997-10-26
10290,Sam,Walker,2008-01-05
10291,Jamie,Brown,1994-10-29
10292,Taylor,Wilson,2004-04-19
10293,Avery,Hall,2006-04-11
10294,Sam,Smith,1997-03-22
10295,Avery,Smith,1994-03-21
10296,Morgan,Hall,1990-02-13
10297,Riley,Young,2000-03-12
10298,Sam,Walker,2000-01-05
10299,Morgan,Young,1996-04-12
10300,Avery,Taylor,2009-05-12
10301,Casey,Taylor,2009-04-23
10302,Taylor,Walker,1992-04-23
10303,Taylor,Jones,2005-04-24
10304,Jamie,Brown,2008-11-13
10305,Robin,Jones,1999-10-30
10306,Alex,King,2013-08-06
10307,Drew,Martin,1999-02-08
10308,Sam,Brown,2000-09-22
10309,Casey,Young,2003-08-22
10310,Alex,Jones,1991-07-21
10311,Morgan,Jones,2004-04-17
10312,Avery,Jones,2003-08-23
10313,Morgan,King,1998-11-10
10314,Taylor,Clark,2011-07-05
10315,Robin,Hall,2009-07-05
10316,Sam,King,2007-03-12
10317,Jordan,Jones,1999-12-18
10318,Drew,Lee,2012-06-19
10319,Alex,Martin,2006-11-07
10320,Riley,Jones,2000-02-07
10321,Drew,Lee,1996-01-06
10322,Riley,Jones,2006-03-10
10323,Cameron,Smith,1994-08-02
10324,Casey,Walker,2012-09-18
10325,Morgan,Wilson,1994-04-14
10326,Cameron,Hall,2001-03-21
10327,Sam,Smith,2006-04-29
10328,Drew,Young,1999-11-25
10329,Sam,Lee,1992-02-28
10330,Sam,Taylor,2010-10-11
10331,Alex,Clark,2011-07-02
10332,Morgan,Smith,2000-06-29
10333,Jordan,Smith,2003-09-01
10334,Morgan,Wilson,1992-08-16
10335,Alex,Jones,2013-05-29
10336,Cameron,Brown,2013-02-14
10337,Cameron,Clark,2007-04-30
10338,Riley,Jones,2002-11-28
10339,Drew,Brown,2009-02-11
10340,Avery,Wilson,1993-08-01
10341,Jamie,Young,2008-07-21
10342,Drew,Taylor,1996-10-22
10343,Avery,Clark,2012-12-22
10344,Jamie,Brown,2001-05-30
10345,Riley,Clark,2013-03-06
10346,Sam,Walker,2007-10-07
10347,Alex,Jones,2013-11-23
10348,Jordan,King,2010-06-24
10349,Morgan,Lee,1993-10-08
10350,Taylor,Martin,2008-02-19
10351,Casey,Walker,1990-03-02
10352,Robin,Hall,1993-12-17
10353,Taylor,Jones,2005-08-03
10354,Jamie,Brown,2004-03-30
10355,Sam,Smith,2006-04-14
10356,Jamie,Smith,2014-03-16
10357,Avery,Smith,2002-05-01
10358,Jamie,Brown,2007-12-09
10359,Sam,Walker,2009-03-05
10360,Avery,King,2003-04-22
10361,Casey,Jones,2007-07-11
10362,Jordan,Clark,1997-08-31
10363,Sam,Walker,2001-10-20
10364,Alex,King,2011-01-20
10365,Alex,Brown,2012-03-27
10366,Jamie,Hall,2008-12-06
10367,Sam,Wilson,2014-02-27
10368,Jamie,Clark,2000-10-06
10369,Drew,Smith,1990-03-16
10370,Robin,Jones,2011-06-03
10371,Riley,Smith,2013-03-17
10372,Sam,Young,1994-01-09
10373,Jamie,Jones,1999-05-10
10374,Jordan,Wilson,1996-04-20
10375,Casey,King,2009-11-07
10376,Jamie,Clark,1998-08-11
10377,Drew,Clark,2010-04-17
10378,Jordan,Young,1998-12-08
10379,Riley,Jones,2011-08-09
10380,Drew,Hall,1998-10-04
10381,Jordan,Taylor,1993-04-25
10382,Drew,Young,1999-03-29
10383,Drew,Taylor,2014-09-29
10384,Alex,Hall,2003-08-02
10385,Sam,Wilson,2000-04-24
10386,Riley,Taylor,2007-09-03
10387,Avery,Young,2006-05-20
10388,Taylor,King,2011-06-25
10389,Robin,Clark,1994-11-21
10390,Drew,Smith,2007-09-25
10391,Sam,Young,2000-11-23
10392,Jordan,Jones,2014-11-30
10393,Alex,Jones,1995-11-05
10394,Casey,Clark,2005-06-30
10395,Taylor,Lee,1993-06-21
10396,Robin,Lee,1996-05-07
10397,Drew,Clark,2011-05-05
10398,Casey,Smith,2012-05-19
10399,Sam,King,2014-04-02
10400,Sam,Walker,2009-01-21
10401,Avery,Young,2001-12-24
10402,Drew,Wilson,2008-05-10
10403,Jamie,King,2002-03-06
10404,Jordan,Lee,2001-10-14
10405,Robin,Jones,1992-08-18
10406,Jamie,Martin,2004-10-05
10407,Jamie,Hall,2013-03-29
10408,Alex,Brown,1994-07-16
10409,Riley,Taylor,2004-11-13
10410,Cameron,Hall,1993-02-08
10411,Sam,Martin,1994-11-19
10412,Drew,Jones,1992-12-29
10413,Cameron,Brown,2009-11-04
10414,Drew,Martin,1998-06-05
10415,Robin,Martin,1990-10-13
10416,Cameron,Clark,2009-11-02
10417,Casey,Jones,1996-12-08
10418,Alex,Jones,2006-02-18
10419,Morgan,Hall,2013-01-05
10420,Drew,Young,1995-06-21
10421,Casey,Martin,2000-03-26
10422,Casey,Martin,2009-11-01
10423,Avery,King,2006-08-18
10424,Avery,Hall,2007-03-17
10425,Robin,Wilson,2000-12-08
10426,Robin,Lee,1993-04-11
10427,Drew,Walker,2013-03-12
10428,Jamie,Hall,1996-06-26
10429,Riley,Smith,2011-05-05
10430,Alex,Young,2010-02-01
10431,Casey,Jones,1994-06-03
10432,Morgan,King,2010-12-25
10433,Robin,Hall,2008-09-28
10434,Cameron,Brown,1996-08-27
10435,Drew,Young,2005-10-14
10436,Robin,Young,2011-03-15
10437,Taylor,Hall,2010-05-07
10438,Sam,Clark,1996-01-31
10439,Jamie,Brown,2012-12-15
10440,Taylor,Lee,1998-05-07
10441,Avery,Brown,2003-12-07
10442,Riley,Lee,1997-09-14
10443,Jamie,King,2014-12-05
10444,Jamie,King,1993-01-09
10445,Morgan,Jones,2003-07-24
10446,Cameron,Smith,1992-07-03
10447,Jordan,Jones,2010-12-20
10448,Casey,Smith,1991-10-21
10449,Casey,Martin,2009-02-10
10450,Sam,Taylor,1990-10-20
10451,Alex,Jones,1998-10-01
10452,Jordan,Brown,2013-08-18
10453,Alex,Taylor,2002-12-01
10454,Riley,Hall,1995-07-04
10455,Morgan,King,1995-03-23
10456,Taylor,Hall,2012-12-21
10457,Avery,Walker,2013-06-01
10458,Sam,King,2007-01-10
10459,Drew,Young,1992-04-02
10460,Sam,Smith,2008-03-25
10461,Casey,King,2014-06-20
10462,Taylor,Walker,2002-12-13
10463,Jordan,King,2013-03-04
10464,Riley,Lee,2007-10-12
10465,Riley,Jones,1995-10-10
10466,Jamie,Lee,1999-04-24
10467,Sam,Martin,2011-01-12
10468,Taylor,Lee,1998-06-02
10469,Jordan,Wilson,1996-01-13
10470,Cameron,Taylor,1998-03-01
10471,Riley,King,1993-04-12
10472,Robin,Jones,1994-02-27
10473,Drew,Young,2005-02-09
10474,Morgan,Brown,1994-04-03
10475,Taylor,Walker,1996-12-07
10476,Alex,Young,1999-11-12
10477,Casey,Smith,2013-06-26
10478,Drew,Smith,2009-05-30
10479,Alex,Jones,1995-11-20
10480,Riley,Young,2013-08-18
10481,Jordan,Lee,2002-08-30
10482,Sam,Clark,1994-06-23
10483,Morgan,Lee,2006-06-24
10484,Jordan,Young,1998-03-25
10485,Taylor,Jones,2007-07-07
10486,Cameron,Martin,2008-10-20
10487,Taylor,Clark,1995-08-02
10488,Taylor,Hall,2001-09-27
10489,Sam,King,2001-12-21
10490,Jamie,Brown,1992-04-04
10491,Robin,Hall,1994-01-01
10492,Taylor,Brown,2011-09-23
10493,Taylor,Hall,2007-03-23
10494,Casey,Young,2011-04-20
10495,Alex,Smith,2004-12-13
10496,Morgan,Clark,1995-05-24
10497,Riley,Young,1995-11-23
10498,Riley,Martin,2005-07-02
10499,Casey,Martin,1994-04-22
10500,Taylor,Walker,2006-06-20
10501,Taylor,Martin,1997-11-27
10502,Jordan,Walker,2013-04-12
10503,Robin,King,1998-01-26
10504,Sam,Jones,1998-06-13
10505,Avery,Brown,1998-11-22
10506,Riley,Wilson,2001-07-31
10507,Drew,Hall,1991-09-24
10508,Sam,Clark,1990-05-26
10509,Sam,Martin,1990-08-04
10510,Morgan,Taylor,2009-02-13
10511,Cameron,Martin,1999-08-15
10512,Riley,Lee,2010-09-26
10513,Morgan,Lee,1992-02-05
10514,Avery,Young,1990-04-25
10515,Drew,Smith,2002-03-29
10516,Alex,Wilson,2014-11-07
10517,Cameron,Clark,2002-05-06
10518,Casey,Taylor,2014-01-08
10519,Taylor,Lee,2008-03-28
10520,Drew,Smith,2014-01-14
10521,Casey,Martin,2007-07-30
10522,Jamie,King,1994-10-30
10523,Riley,King,2009-06-13
10524,Riley,Clark,2004-06-17
10525,Jamie,Young,2005-11-19
10526,Jamie,Wilson,2014-07-09
10527,Cameron,Young,2009-07-08
10528,Alex,Hall,2004-11-10
10529,Cameron,Smith,2006-09-22
10530,Sam,Young,2002-10-27
10531,Sam,Hall,2013-04-29
10532,Jordan,King,1993-04-21
10533,Taylor,Brown,2000-08-15
10534,Morgan,Lee,1991-05-13
10535,Casey,Young,2005-11-18
10536,Jamie,Clark,2008-07-13
10537,Drew,King,2011-05-11
10538,Riley,Lee,2004-06-13
10539,Sam,King,2004-04-10
10540,Casey,Hall,2008-11-22
10541,Jordan,Jones,1996-02-06
10542,Jordan,Walker,2010-09-03
10543,Drew,King,1998-05-06
10544,Drew,Hall,2000-01-03
10545,Alex,Wilson,1995-01-17
10546,Cameron,Brown,2010-01-26
10547,Robin,Smith,2007-06-30
10548,Casey,King,1994-05-17
10549,Sam,Smith,2013-08-21
10550,Jamie,Walker,2001-07-29
10551,Jordan,Walker,1991-03-31
10552,Casey,King,1995-05-18
10553,Morgan,King,2007-01-28
10554,Casey,Hall,2003-03-02
10555,Morgan,Walker,1999-12-25
10556,Avery,Jones,2007-01-30
10557,Morgan,Jones,1994-03-20
10558,Casey,Martin,2006-11-05
10559,Cameron,King,2005-12-27
10560,Avery,Wilson,1999-09-24
10561,Jordan,Lee,1995-11-13
10562,Riley,Young,2007-02-05
10563,Sam,Young,2001-02-12
10564,Avery,Wilson,2009-03-07
10565,Robin,Walker,1994-05-29
10566,Alex,Hall,1997-04-20
10567,Morgan,Jones,1990-05-01
10568,Jordan,Wilson,1992-03-07
10569,Robin,Brown,1997-05-04
10570,Riley,Young,2004-11-08
10571,Jordan,Brown,2001-09-16
10572,Sam,Hall,2007-05-25
10573,Casey,Smith,1997-08-03
10574,Drew,Brown,1999-03-19
10575,Riley,Lee,1996-01-24
10576,Riley,Smith,2003-10-15
10577,Alex,King,1999-04-08
10578,Sam,Clark,2004-09-30
10579,Cameron,Lee,2000-08-05
10580,Alex,Wilson,2014-12-12
10581,Taylor,Jones,2011-10-19
10582,Avery,Martin,2014-02-24
10583,Taylor,Taylor,2013-08-08
10584,Casey,Jones,2009-10-12
10585,Jordan,Hall,2003-11-23
10586,Jordan,King,1992-08-20
10587,Cameron,Jones,1997-05-02
10588,Riley,Walker,2012-09-22
10589,Cameron,Jones,1990-09-13
10590,Riley,King,2007-04-22
10591,Robin,Jones,2001-10-05
10592,Drew,Hall,2003-02-15
10593,Morgan,Taylor,1997-09-02
10594,Alex,Taylor,1996-11-13
10595,Sam,Hall,2008-08-29
10596,Jordan,Taylor,1994-05-11
10597,Jordan,Brown,1997-12-02
10598,Alex,Wilson,1995-10-13
10599,Cameron,King,2013-03-22
10600,Avery,Clark,2000-03-16
10601,Jordan,Walker,1991-11-04
10602,Alex,Martin,1996-01-06
10603,Sam,Brown,2010-07-13
10604,Sam,Lee,2000-12-18
10605,Jordan,Taylor,1996-03-07
10606,Avery,Smith,1999-10-18
10607,Taylor,Martin,2013-12-25
10608,Jamie,Clark,2012-09-24
10609,Robin,Walker,2010-06-01
10610,Drew,Walker,1990-03-06
10611,Jamie,Brown,1995-11-11
10612,Morgan,Lee,1994-05-17
10613,Alex,Smith,2009-01-28
10614,Drew,Clark,1992-12-19
10615,Cameron,Brown,2006-05-31
10616,Casey,Brown,1993-09-16
10617,Cameron,Hall,2013-07-25
10618,Jamie,Smith,2011-12-22
10619,Riley,Brown,2008-10-09
10620,Jamie,Brown,1997-06-12
10621,Sam,King,2008-02-09
10622,Sam,Martin,2006-09-04
10623,Avery,Clark,1997-02-24
10624,Drew,Taylor,2011-05-20
10625,Sam,Clark,2003-05-31
10626,Jordan,Taylor,1998-08-18
10627,Alex,Taylor,2006-05-07
10628,Morgan,Taylor,1991-10-09
10629,Sam,Hall,1996-06-21
10630,Robin,Brown,2011-11-03
10631,Robin,Wilson,2009-07-19
10632,Riley,Jones,1996-08-17
10633,Morgan,Jones,1997-09-01
10634,Morgan,Martin,2008-10-06
10635,Jamie,Young,2012-11-19
10636,Morgan,Walker,2009-05-29
10637,Morgan,Smith,2004-08-25
10638,Jamie,Smith,2011-05-26
10639,Morgan,King,1996-04-19
10640,Jordan,Jones,1995-06-19
10641,Robin,Brown,1993-09-02
10642,Riley,Clark,2010-04-17
10643,Avery,Walker,1994-07-17
10644,Cameron,Brown,2000-12-23
10645,Casey,Young,2010-09-29
10646,Jamie,Hall,2005-06-13
10647,Jamie,Taylor,1991-05-06
10648,Robin,Smith,1998-01-02
10649,Alex,Brown,1993-01-30
10650,Sam,Taylor,1996-12-03
10651,Casey,Smith,1993-01-01
10652,Sam,Martin,2005-09-06
10653,Jordan,Taylor,2009-04-17
10654,Casey,Lee,1990-01-11
10655,Jamie,Brown,2002-03-22
10656,Avery,Taylor,1994-02-08
10657,Alex,Hall,1991-09-09
10658,Jordan,Brown,1999-08-01
10659,Casey,Clark,2004-05-20
10660,Casey,Brown,2004-09-04
10661,Riley,Wilson,1996-01-06
10662,Jordan,Clark,1991-09-29
10663,Alex,Clark,1991-03-02
10664,Jamie,Brown,1990-01-10
10665,Jordan,Lee,1991-11-10
10666,Sam,Smith,2009-03-26
10667,Cameron,King,1996-02-04
10668,Jamie,Clark,2004-11-22
10669,Casey,King,2002-12-05
10670,Jamie,Clark,1992-03-29
10671,Jamie,Jones,2013-06-29
10672,Drew,Young,2007-01-18
10673,Drew,King,1990-04-07
10674,Cameron,Martin,1992-03-31
10675,Jordan,Wilson,2011-01-27
10676,Taylor,Walker,2010-06-19
10677,Robin,Walker,2008-11-14
10678,Cameron,Clark,2007-03-04
10679,Drew,King,2010-04-05
10680,Drew,Martin,2006-09-30
10681,Sam,Brown,2003-06-11
10682,Morgan,Young,2002-11-23
10683,Taylor,Hall,1997-07-10
10684,Cameron,Clark,2002-02-10
10685,Taylor,Clark,1993-06-20
10686,Jordan,Martin,1992-01-03
10687,Jordan,Hall,2006-10-17
10688,Morgan,Smith,2004-01-11
10689,Robin,Wilson,1999-03-20
10690,Riley,Brown,2001-06-02
10691,Morgan,Brown,1997-10-04
10692,Jamie,Wilson,1995-03-16
10693,Alex,Lee,2010-12-06
10694,Robin,Wilson,1999-01-03
10695,Cameron,Martin,1992-06-01
10696,Jamie,Martin,1998-07-31
10697,Sam,King,1999-02-14
10698,Robin,Young,1998-11-08
10699,Drew,Jones,2011-07-27
10700,Robin,Brown,1990-01-30
10701,Casey,Martin,1996-07-03
10702,Casey,Young,1990-01-04
10703,Taylor,Jones,2014-04-18
10704,Jordan,Young,1997-03-02
10705,Taylor,Brown,1995-05-31
10706,Cameron,Young,2011-03-25
10707,Morgan,Young,2006-11-30
10708,Cameron,Walker,2005-03-21
10709,Sam,Young,1999-10-19
10710,Jamie,Walker,2005-01-30
10711,Casey,Smith,1992-09-03
10712,Alex,Hall,2003-03-19
10713,Cameron,Wilson,2013-02-12
10714,Robin,Taylor,2005-06-23
10715,Sam,Martin,1990-11-08
10716,Jamie,Clark,1990-09-12
10717,Drew,Clark,1994-11-09
10718,Alex,Young,2002-05-24
10719,Cameron,Young,2001-12-03
10720,Cameron,Hall,2002-08-31
10721,Riley,Wilson,1994-08-16
10722,Robin,Young,2003-09-17
10723,Alex,Jones,1993-07-27
10724,Jamie,Taylor,2011-02-04
10725,Cameron,King,2013-04-07
10726,Jordan,Clark,2008-05-12
10727,Robin,Smith,2001-10-10
10728,Alex,Martin,1994-12-14
10729,Drew,Clark,2004-05-20
10730,Jordan,Smith,2001-05-23
10731,Morgan,King,1997-07-05
10732,Drew,Lee,1997-12-11
10733,Jordan,Jones,1991-07-04
10734,Taylor,King,2009-04-19
10735,Taylor,Martin,1991-05-02
10736,Morgan,Brown,2003-11-07
10737,Jamie,Clark,1995-12-24
10738,Sam,Taylor,2004-09-01
10739,Taylor,Clark,2004-02-19
10740,Jamie,Jones,1994-03-04
10741,Cameron,Wilson,2006-02-13
10742,Drew,Hall,2006-08-23
10743,Riley,Walker,1996-04-20
10744,Robin,Wilson,2012-09-05
10745,Avery,Jones,2010-01-10
10746,Riley,Clark,2004-08-16
10747,Robin,Taylor,2007-08-23
10748,Jordan,Smith,2009-03-08
10749,Jordan,Clark,1990-05-01
10750,Cameron,Hall,2004-12-21
10751,Alex,Brown,2002-02-08
10752,Drew,Walker,2012-08-05
10753,Avery,Hall,1992-05-24
10754,Jordan,Lee,1995-08-03
10755,Jordan,Brown,1997-10-21
10756,Alex,Lee,2013-04-20
10757,Riley,Young,1993-12-19
10758,Alex,Lee,1994-11-20
10759,Avery,Wilson,2013-05-06
10760,Sam,Walker,2014-09-06
10761,Robin,Taylor,1998-04-24
10762,Drew,Smith,2009-03-25
10763,Sam,King,2010-02-03
10764,Sam,Brown,2001-03-02
10765,Cameron,Lee,1994-07-29
10766,Avery,Lee,2009-08-10
10767,Morgan,Walker,2007-02-10
10768,Avery,Wilson,2011-04-07
10769,Alex,Clark,1993-09-04
10770,Morgan,Taylor,1995-11-02
10771,Casey,Lee,2013-06-22
10772,Riley,Martin,2014-06-16
10773,Cameron,King,1994-10-24
10774,Casey,Hall,2014-12-16
10775,Cameron,Walker,2000-04-19
10776,Riley,Jones,2010-05-15
10777,Riley,Taylor,1998-01-29
10778,Cameron,Taylor,2013-12-23
10779,Jordan,Martin,2007-11-12
10780,Riley,Lee,1998-09-08
10781,Taylor,Smith,2005-06-15
10782,Morgan,Walker,2004-05-21
10783,Sam,Hall,1990-01-26
10784,Jordan,Martin,1998-06-12
10785,Avery,Lee,2011-08-07
10786,Alex,Young,2001-12-04
10787,Drew,Smith,2006-11-18
10788,Riley,Clark,1992-02-18
10789,Cameron,King,2003-11-07
10790,Taylor,Walker,2013-05-06
10791,Casey,Clark,1996-07-14
10792,Robin,Hall,2002-12-06
10793,Alex,Clark,1993-10-23
10794,Drew,Brown,1995-08-02
10795,Alex,Lee,2007-08-02
10796,Riley,Lee,1995-02-06
10797,Sam,Lee,2013-05-02
10798,Cameron,Walker,1994-06-04
10799,Alex,Hall,2004-05-26
10800,Sam,Brown,2007-12-31
10801,Taylor,Hall,2012-10-12
10802,Avery,Walker,1990-02-15
10803,Robin,Wilson,1992-10-08
10804,Casey,Young,1996-07-16
10805,Sam,King,1997-05-22
10806,Taylor,Lee,1997-03-03
10807,Cameron,Jones,1990-08-28
10808,Drew,Jones,2009-03-31
10809,Cameron,Jones,1998-06-02
10810,Cameron,Martin,2009-09-08
10811,Alex,Walker,2008-11-28
10812,Robin,Lee,2014-04-09
10813,Casey,Jones,1999-04-23
10814,Riley,Jones,1996-05-08
10815,Casey,Young,2014-08-24
10816,Taylor,Clark,2004-06-09
10817,Morgan,Smith,2001-04-09
10818,Casey,Martin,1991-06-03
10819,Avery,Clark,1997-01-01
10820,Taylor,Taylor,1991-12-01
10821,Drew,King,2001-06-19
10822,Morgan,Brown,2013-08-06
10823,Casey,Hall,1990-04-05
10824,Drew,Young,1997-02-08
10825,Alex,Lee,2000-11-12
10826,Jordan,Jones,1991-11-26
10827,Drew,Smith,1998-05-24
10828,Jordan,Brown,2006-06-12
10829,Jamie,Young,2002-09-12
10830,Taylor,Wilson,2010-08-01
10831,Robin,Walker,1995-01-06
10832,Riley,King,1993-05-02
10833,Taylor,Brown,1998-01-08
10834,Taylor,Martin,2008-12-04
10835,Casey,King,1997-06-02
10836,Casey,Wilson,1997-10-20
10837,Taylor,Smith,1995-08-12
10838,Riley,Walker,1994-04-02
10839,Sam,Wilson,1990-10-10
10840,Cameron,King,2012-11-21
10841,Sam,Walker,2010-11-17
10842,Jamie,King,2007-07-05
10843,Cameron,Clark,1997-05-13
10844,Alex,Smith,1994-08-20
10845,Taylor,Brown,2011-01-21
10846,Avery,Wilson,2001-05-31
10847,Jordan,Taylor,1997-01-12
10848,Sam,Smith,1991-04-18
10849,Alex,King,1995-09-20
10850,Alex,King,2010-12-24
10851,Sam,Hall,2003-09-05
10852,Cameron,Taylor,1996-11-25
10853,Jamie,Brown,2007-07-02
10854,Sam,Jones,1991-01-30
10855,Robin,Lee,1990-07-03
10856,Casey,Brown,2006-03-23
10857,Morgan,Walker,2012-06-29
10858,Jordan,King,2011-08-18
10859,Robin,Jones,1993-07-30
10860,Riley,King,2006-06-02
10861,Jamie,Smith,2004-06-27
10862,Riley,Martin,1996-02-15
10863,Cameron,Taylor,1997-02-26
10864,Cameron,Lee,2004-09-24
10865,Riley,Hall,2009-09-07
10866,Alex,Walker,2009-09-24
10867,Jamie,Young,2001-06-18
10868,Casey,Hall,1995-04-05
10869,Robin,Smith,2004-08-18
10870,Jordan,Jones,2007-08-19
10871,Jamie,Hall,2014-12-14
10872,Alex,Lee,2008-02-10
10873,Morgan,Wilson,1998-01-31
10874,Cameron,Martin,2008-04-23
10875,Drew,Young,2003-06-04
10876,Robin,Smith,2011-09-27
10877,Jordan,Walker,2009-06-09
10878,Riley,Hall,1992-08-19
10879,Jordan,Clark,2001-06-07
10880,Sam,Taylor,1997-02-08
10881,Drew,King,2005-04-11
10882,Casey,Jones,2007-11-15
10883,Drew,Wilson,2005-02-10
10884,Alex,Wilson,2010-06-10
10885,Alex,Taylor,1995-03-06
10886,Robin,Wilson,1996-02-17
10887,Drew,King,1994-08-07
10888,Jamie,Walker,1998-12-29
10889,Casey,Hall,2004-09-01
10890,Cameron,Wilson,2010-09-14
10891,Jamie,Walker,2007-08-19
10892,Sam,Jones,2000-04-30
10893,Avery,Martin,2009-07-27
10894,Sam,Brown,2009-06-08
10895,Sam,Jones,2007-08-09
10896,Robin,Jones,2010-09-08
10897,Taylor,Jones,1998-05-31
10898,Casey,Hall,1995-01-26
10899,Alex,Martin,1990-01-31
10900,Jamie,Martin,2009-05-30
