transaction_id,customer_id,transaction_date,transaction_value,channel
1,50,2025-04-01,82.39,Store
2,31,2025-04-23,55.13,Online
3,9,2025-05-20,30.62,Online
4,40,2025-02-16,149.34,Online
5,33,2025-09-16,193.61,Store
6,28,2025-07-20,135.03,Store
7,40,2025-10-30,95.94,Store
8,50,2025-09-15,375.11,Partner
9,19,2025-02-24,60.32,Online
10,24,2025-01-26,122.78,Store
11,11,2025-06-04,212.25,Store
12,36,2025-06-25,39.77,Online
13,23,2025-03-29,157.22,Partner
14,19,2025-10-13,302.48,Online
15,39,2025-08-01,101.9,
16,23,2025-10-01,115.11,Store
17,26,2025-02-09,60.61,Partner
18,25,2025-10-25,142.81,Online
19,15,2025-03-17,54.01,Online
20,7,2025-06-13,97.51,Store
21,46,2025-06-10,27.03,Store
22,6,2025-10-27,5.0,Online
23,18,2025-04-12,70.77,
24,37,2025-03-29,69.87,Online
25,8,2025-05-04,75.64,Store
26,37,2025-05-12,168.59,Store
27,41,2025-03-08,197.23,Online
28,37,2025-03-06,126.43,Online
29,17,2025-03-26,160.68,Partner
30,2,2025-06-20,55.32,Store
31,49,2025-05-06,44.61,Store
32,18,2025-05-24,144.81,Online
33,45,2025-09-20,39.29,Partner
34,11,2025-03-29,35.4,Online
35,9,2025-11-29,501.86,Online
36,43,2025-10-02,106.76,Online
37,52,2025-03-05,69.91,Store
38,48,2025-04-25,63.71,Partner
39,42,2025-03-08,27.8,Store
40,14,2025-04-10,124.57,Store
41,51,2025-05-14,81.15,Online
42,37,2025-02-17,193.54,Online
43,10,2025-01-06,147.93,Online
44,8,2025-06-10,79.04,Online
45,48,2025-09-13,14.23,Online
46,16,2025-04-21,106.97,Store
47,43,2025-11-11,100.1,Store
48,8,2025-05-15,10.93,Store
49,16,2025-11-25,136.41,Online
50,16,2025-03-28,38.09,Online
51,16,2025-07-16,200.25,Online
52,38,2025-10-06,95.67,Online
53,51,2025-01-22,62.26,Online
54,51,2025-12-06,118.04,Online
55,41,2025-05-14,112.9,Online
56,12,2025-07-01,109.94,Store
57,53,2025-08-18,182.99,Online
58,30,2025-08-23,123.19,Online
59,31,2025-01-09,57.83,Online
60,39,2025-11-13,83.05,Online
61,43,2025-08-16,248.01,Online
62,53,2025-12-31,53.61,Online
63,33,2025-06-22,134.89,Store
64,34,2025-08-12,187.49,Online
65,42,2025-06-10,144.01,Partner
66,15,2025-11-21,107.45,Online
67,17,2025-10-31,119.69,Online
68,35,2025-11-28,150.29,Online
69,4,2025-07-04,53.08,Online
70,18,2025-10-16,100.58,Online
71,40,2025-05-11,373.75,Store
72,54,2025-06-18,137.78,Online
73,29,2025-10-05,110.21,Store
74,22,2025-01-30,76.8,Online
75,25,2025-09-17,53.58,Online
76,38,2025-01-06,122.53,Online
77,30,2025-07-31,128.56,Online
78,2,2025-06-24,95.69,Online
79,30,2025-06-21,469.38,Partner
80,23,2025-06-30,57.54,Store
81,39,2025-06-29,46.87,Partner
82,49,2025-05-29,77.65,Online
83,53,2025-06-14,97.97,Store
84,34,2025-07-27,51.28,Store
85,20,2025-10-06,120.46,Store
86,25,2025-07-21,129.74,Partner
87,10,2025-08-23,162.45,Store
88,52,2025-11-02,68.25,Store
89,47,2025-12-28,234.76,Store
90,47,2025-02-09,155.17,Online
91,19,2025-09-18,56.58,Store
92,18,2025-03-24,51.09,Online
93,48,2025-03-13,81.76,Partner
94,30,2025-10-17,129.96,Store
95,39,2025-01-26,143.22,Online
96,27,2025-11-06,154.97,Online
97,25,2025-10-09,358.77,Online
98,35,2025-12-30,19.55,Online
99,45,2025-09-01,93.78,Online
100,19,2025-11-15,340.04,Store
101,45,2025-02-13,167.47,Store
102,14,2025-11-21,44.4,Store
103,23,2025-02-28,116.22,Online
104,51,2025-04-25,89.7,Online
105,53,2025-02-16,87.33,Online
106,51,2025-05-27,67.23,Store
107,18,2025-10-01,109.64,Online
108,47,2025-04-08,207.19,Online
109,52,2025-10-28,72.06,Online
110,54,2025-08-10,155.75,Store
111,2,2025-08-18,174.25,Online
112,41,2025-12-09,233.53,Store
113,55,2025-06-07,50.35,Store
114,43,2025-05-06,103.52,Store
115,13,2025-12-30,61.2,Online
116,42,2025-07-23,109.79,
117,6,2025-08-13,109.27,Online
118,27,2025-04-19,40.22,Online
119,35,2025-03-20,114.43,Store
120,26,2025-03-03,370.09,Online
121,39,2025-03-23,143.6,Online
122,14,2025-03-13,33.15,Online
123,34,2025-09-30,47.73,Store
124,36,2025-01-22,99.76,Online
125,35,2025-08-18,48.69,Store
126,16,2025-12-13,225.53,Online
127,17,2025-10-07,29.51,Partner
128,15,2025-05-28,144.28,Store
129,26,2025-01-22,23.76,Online
130,33,2025-11-01,98.61,Online
131,20,2025-01-02,42.81,Online
132,23,2025-09-06,162.22,Online
133,16,2025-09-02,201.59,Online
134,13,2025-03-12,129.69,Store
135,37,2025-09-28,207.64,Store
136,45,2025-03-06,7.61,Online
137,16,2025-03-24,113.41,Store
138,48,2025-10-24,142.9,Online
139,32,2025-12-24,155.51,Partner
140,10,2025-04-07,137.24,Online
141,21,2025-12-03,157.78,Store
142,1,2025-11-30,112.5,Store
143,3,2025-10-08,33.46,Online
144,19,2025-02-21,66.83,Online
145,25,2025-04-20,226.27,Online
146,44,2025-09-05,210.09,Store
147,8,2025-12-31,141.12,Online
148,47,2025-10-25,164.5,Store
149,13,2025-06-03,194.28,Store
150,8,2025-03-27,140.02,Store
151,39,2025-12-17,222.16,Online
152,43,2025-04-11,217.44,Online
153,34,2025-05-05,442.69,Store
154,7,2025-12-19,69.06,Online
155,7,2025-07-25,70.06,Store
156,22,2025-04-07,133.0,Online
157,25,2025-01-02,327.58,Online
158,55,2025-06-06,233.45,Store
159,16,2025-12-26,178.13,Online
160,11,2025-06-07,243.7,Online
161,53,2025-09-13,144.64,Online
162,9,2025-04-03,82.49,Online
163,2,2025-10-11,378.73,Store
164,24,2025-10-11,137.52,Online
165,23,2025-08-11,214.4,Online
166,35,2025-10-09,7.53,Online
167,49,2025-07-31,9.9,Partner
168,52,2025-05-19,115.94,Online
169,16,2025-09-27,48.7,Partner
170,54,2025-11-01,123.53,Store
171,35,2025-11-03,69.98,Online
172,4,2025-03-19,482.63,Store
173,52,2025-09-04,203.45,Store
174,8,2025-01-02,258.8,Online
175,33,2025-07-28,12.73,Online
176,44,2025-07-28,176.54,Store
177,14,2025-05-13,89.98,Store
178,15,2025-12-29,261.95,Store
179,27,2025-11-19,159.82,Partner
180,49,2025-01-15,99.89,Online
181,13,2025-03-18,36.88,Store
182,37,2025-03-17,114.36,Store
183,25,2025-11-24,222.98,Online
184,7,2025-07-09,271.6,Online
185,40,2025-09-24,78.41,Online
186,46,2025-10-23,434.65,Store
187,32,2025-10-08,211.85,Online
188,10,2025-02-02,49.57,Store
189,9,2025-02-21,40.18,Online
190,24,2025-05-25,94.28,Online
191,28,2025-05-04,78.25,Store
192,31,2025-09-30,145.43,Online
193,14,2025-02-27,105.9,Store
194,28,2025-05-16,83.44,Online
195,17,2025-03-28,25.19,Partner
196,38,2025-03-10,163.12,Online
197,44,2025-03-05,23.02,Partner
198,36,2025-03-13,212.3,Store
199,1,2025-07-25,14.57,Online
200,55,2025-05-30,21.63,Online
201,2,2025-06-08,49.38,Online
202,55,2025-06-24,72.91,Store
203,2,2025-09-28,61.47,Store
204,29,2025-11-11,72.66,Online
205,6,2025-07-12,125.28,Online
206,6,2025-08-23,50.38,Store
207,38,2025-09-27,126.1,Online
208,41,2025-09-09,7.67,Store
209,7,2025-02-19,48.75,Online
210,54,2025-12-25,20.51,Store
211,18,2025-03-02,210.7,Partner
212,18,2025-05-31,56.24,Online
213,17,2025-08-27,156.28,Online
214,26,2025-05-28,16.7,Online
215,10,2025-03-30,268.72,Store
216,24,2025-12-04,110.44,Online
217,12,2025-01-27,101.41,Partner
218,3,2025-03-31,25.5,Store
219,21,2025-12-29,43.58,Online
220,37,2025-09-24,85.49,Store
221,42,2025-02-01,45.09,Online
222,20,2025-10-03,197.12,Store
223,18,2025-12-20,108.03,Online
224,44,2025-02-05,45.59,Store
225,38,2025-06-01,177.36,Partner
226,46,2025-06-20,76.92,Store
227,50,2025-02-17,171.97,Store
228,46,2025-03-15,67.48,Online
229,52,2025-03-05,148.93,Store
230,23,2025-03-09,74.8,Store
231,22,2025-05-28,197.16,
232,18,2025-06-19,17.13,Online
233,13,2025-03-28,34.13,Online
234,42,2025-04-16,91.48,Store
235,40,2025-03-12,58.4,Online
236,45,2025-10-18,73.0,Store
237,10,2025-03-19,160.87,Store
238,28,2025-11-28,71.77,Partner
239,13,2025-07-16,129.32,Online
240,50,2025-10-20,48.45,Partner
241,15,2025-08-21,13.17,Online
242,8,2025-04-08,171.25,Online
243,32,2025-08-08,308.6,Store
244,49,2025-04-11,119.89,Online
245,51,2025-02-13,95.31,Online
246,6,2025-04-03,110.93,Online
247,18,2025-04-11,244.89,Online
248,9,2025-02-19,120.92,Store
249,17,2025-01-09,176.93,Online
250,30,2025-12-11,171.65,Online
251,16,2025-07-07,208.37,Store
252,4,2025-05-27,93.76,Online
253,29,2025-12-06,66.74,Store
254,3,2025-03-24,150.09,Partner
255,13,2025-05-28,198.64,Store
256,1,2025-11-06,224.05,Store
257,5,2025-08-19,264.72,Online
258,24,2025-05-26,186.82,Store
259,47,2025-04-04,63.78,Online
260,43,2025-01-13,119.79,Online
261,6,2025-02-01,112.25,Store
262,2,2025-03-01,103.49,Online
263,19,2025-10-15,150.3,Store
264,36,2025-08-22,87.33,Store
265,42,2025-06-08,87.42,Partner
266,46,2025-10-13,320.73,Online
267,19,2025-02-28,97.49,Online
268,10,2025-03-18,207.37,Store
269,2,2025-05-24,215.38,Online
270,9,2025-12-01,122.17,Online
271,4,2025-08-13,90.07,Store
272,48,2025-11-07,50.19,Partner
273,15,2025-04-01,22.66,Store
274,46,2025-11-06,157.78,Online
275,31,2025-01-27,136.45,Online
276,30,2025-03-25,173.94,Store
277,26,2025-07-10,70.24,Online
278,46,2025-01-19,341.66,Online
279,3,2025-11-10,144.99,Online
280,6,2025-11-13,94.75,Online
281,24,2025-07-17,12.18,Online
282,22,2025-04-22,76.67,Online
283,31,2025-02-06,179.56,Store
284,41,2025-08-14,260.28,Online
285,33,2025-07-16,106.17,Store
286,15,2025-10-05,288.08,Online
287,19,2025-08-08,46.92,Store
288,42,2025-02-16,139.36,Online
289,12,2025-02-14,142.13,Online
290,28,2025-10-13,158.65,Online
291,30,2025-02-28,117.03,Online
292,42,2025-12-09,134.06,Online
293,40,2025-02-08,45.94,Store
294,26,2025-09-23,244.17,Partner
295,18,2025-12-22,193.94,
296,21,2025-06-11,130.38,Online
297,23,2025-01-21,196.98,Store
298,13,2025-11-16,249.27,Store
299,35,2025-03-10,157.08,Online
300,12,2025-07-12,365.3,Store
301,36,2025-12-26,166.1,Online
302,42,2025-09-29,52.42,Store
303,53,2025-01-17,125.77,Online
304,7,2025-10-27,202.12,Online
305,42,2025-02-28,249.43,Online
306,5,2025-10-01,118.83,Store
307,19,2025-08-15,48.91,Online
308,10,2025-04-16,88.6,Store
309,9,2025-06-04,31.62,Store
310,10,2025-02-13,177.84,Store
311,3,2025-12-27,75.92,Online
312,46,2025-03-28,59.63,Online
313,4,2025-04-23,189.65,Online
314,22,2025-07-03,284.36,Store
315,39,2025-09-03,59.42,Partner
316,55,2025-07-04,119.39,Online
317,47,2025-07-04,91.44,Store
318,8,2025-08-01,256.96,Online
319,55,2025-11-10,99.51,Online
320,36,2025-05-25,44.96,Online
321,10,2025-10-31,103.07,Store
322,25,2025-10-15,222.75,Online
323,51,2025-12-17,87.41,Online
324,22,2025-11-30,64.67,Store
325,11,2025-10-19,96.2,Online
326,49,2025-04-01,46.24,Online
327,53,2025-10-10,91.36,Online
328,54,2025-09-26,68.7,Online
329,53,2025-04-16,407.84,Online
330,49,2025-09-05,15.9,Online
331,25,2025-04-03,52.23,Store
332,11,2025-07-10,64.63,Online
333,34,2025-10-18,46.52,Store
334,13,2025-03-10,140.31,Online
335,27,2025-05-03,58.53,Online
336,37,2025-10-18,28.38,Online
337,53,2025-06-15,111.85,Online
338,16,2025-12-17,83.59,
339,14,2025-01-03,60.85,Online
340,41,2025-09-21,252.79,Partner
341,1,2025-10-25,143.61,Store
342,32,2025-12-02,132.65,Online
343,42,2025-02-27,145.83,Store
344,31,2025-12-26,140.7,Store
345,22,2025-05-24,86.9,Store
346,46,2025-05-09,59.05,Online
347,21,2025-05-10,113.64,Online
348,40,2025-08-21,85.68,Online
349,26,2025-08-29,15.64,Online
350,2,2025-06-22,43.0,Online
351,30,2025-01-26,77.56,Store
352,3,2025-12-27,192.37,Partner
353,52,2025-03-23,114.0,Online
354,34,2025-02-04,50.56,Online
355,21,2025-08-07,39.72,Online
356,27,2025-05-31,220.08,Online
357,35,2025-08-13,89.99,Store
358,15,2025-11-16,2.82,Online
359,16,2025-02-05,94.38,
360,24,2025-04-14,165.44,Partner
361,15,2025-07-08,38.61,Store
362,42,2025-10-15,107.83,Store
363,6,2025-08-08,115.32,Online
364,46,2025-05-20,40.77,Online
365,20,2025-08-11,233.3,Online
366,31,2025-12-24,116.77,Store
367,9,2025-06-25,77.25,Online
368,22,2025-11-19,90.45,Store
369,42,2025-10-12,33.95,Online
370,15,2025-04-20,32.62,Online
371,8,2025-04-02,71.7,Online
372,29,2025-10-09,75.28,Partner
373,9,2025-03-17,85.99,Online
374,18,2025-05-03,246.82,Online
375,25,2025-03-27,159.42,Online
376,32,2025-08-10,18.68,Store
377,36,2025-04-18,216.84,Partner
378,38,2025-08-29,71.25,Online
379,47,2025-12-08,169.94,Partner
380,4,2025-10-30,75.84,Online
381,20,2025-12-13,111.46,Store
382,1,2025-01-09,36.41,Online
383,1,2025-06-16,129.65,Online
384,12,2025-03-22,183.12,Store
385,33,2025-12-02,22.79,Online
386,50,2025-09-17,185.02,Online
387,43,2025-04-27,58.85,Store
388,36,2025-07-25,298.71,Partner
389,43,2025-08-09,172.07,Online
390,10,2025-06-30,152.39,Store
391,47,2025-06-23,90.85,Store
392,49,2025-01-21,455.19,Online
393,6,2025-06-15,71.61,Store
394,26,2025-05-08,43.9,Online
395,46,2025-10-26,60.57,Store
396,27,2025-11-12,205.41,Online
397,47,2025-10-01,109.93,Online
398,52,2025-01-12,98.48,Online
399,27,2025-11-04,72.46,Online
400,4,2025-05-25,94.72,Store
401,19,2025-06-01,68.55,Partner
402,12,2025-12-11,162.26,Online
403,27,2025-11-13,84.51,Online
404,33,2025-01-19,61.5,Online
405,26,2025-05-12,194.14,Online
406,11,2025-10-01,45.15,Online
407,17,2025-07-16,111.05,Store
408,38,2025-04-05,15.52,Store
409,2,2025-07-11,30.09,Online
410,12,2025-11-13,77.64,Online
411,50,2025-03-23,67.55,Store
412,6,2025-09-30,67.47,Online
413,23,2025-09-26,173.13,Online
414,12,2025-11-20,179.95,Online
415,6,2025-04-19,126.81,Online
416,24,2025-03-20,43.04,Online
417,29,2025-07-19,94.18,Store
418,10,2025-07-13,325.81,Online
419,5,2025-05-30,427.23,Store
420,8,2025-10-12,195.4,Online
421,36,2025-10-19,44.55,Store
422,48,2025-03-31,94.8,Online
423,10,2025-10-18,120.99,Online
424,18,2025-03-26,108.44,Online
425,19,2025-05-29,209.02,Online
426,20,2025-01-10,168.06,Online
427,14,2025-05-05,42.45,Store
428,4,2025-12-16,62.72,Online
429,29,2025-06-11,194.86,Online
430,20,2025-09-17,252.1,Online
431,19,2025-02-09,122.06,Store
432,15,2025-08-20,272.38,Store
433,52,2025-05-16,112.44,Store
434,34,2025-09-29,49.27,Store
435,24,2025-12-05,157.94,Store
436,12,2025-07-14,546.89,Store
437,45,2025-02-07,34.2,Online
438,49,2025-06-23,265.8,Store
439,2,2025-02-14,151.95,Store
440,52,2025-06-14,59.71,Online
441,39,2025-01-23,15.96,Store
442,6,2025-08-22,9.53,Online
443,42,2025-04-24,67.36,Online
444,6,2025-03-15,135.43,
445,3,2025-01-07,185.54,Store
446,7,2025-11-21,214.47,Store
447,26,2025-11-02,127.2,Online
448,35,2025-10-24,113.68,Online
449,23,2025-01-22,79.66,Online
450,7,2025-05-08,137.72,Online
451,11,2025-12-21,60.46,Partner
452,47,2025-07-31,35.93,Online
453,53,2025-02-16,108.69,Online
454,42,2025-02-21,176.2,Online
455,6,2025-04-07,29.1,Partner
456,46,2025-12-21,67.36,Online
457,39,2025-03-03,105.79,Store
458,29,2025-11-26,104.18,Online
459,8,2025-09-05,149.2,Online
460,55,2025-12-03,319.91,Store
461,25,2025-10-29,9.65,Online
462,3,2025-05-02,329.08,Store
463,12,2025-10-30,310.86,Online
464,23,2025-03-03,187.59,Store
465,4,2025-04-17,120.46,Store
466,18,2025-03-19,61.45,Store
467,26,2025-02-18,186.07,Online
468,53,2025-02-02,124.9,Store
469,5,2025-03-10,80.98,Partner
470,32,2025-02-13,182.86,Online
471,51,2025-05-19,204.26,Online
472,45,2025-01-27,250.83,Store
473,51,2025-01-23,55.96,Online
474,10,2025-12-28,230.1,Store
475,45,2025-02-02,82.16,Store
476,54,2025-01-28,120.7,Online
477,18,2025-01-11,137.8,Store
478,28,2025-02-18,217.98,Store
479,30,2025-07-12,170.48,Online
480,28,2025-10-29,79.93,Store
481,16,2025-09-26,11.41,Online
482,54,2025-07-31,147.98,Online
483,53,2025-02-01,117.15,Store
484,21,2025-10-10,33.78,Online
485,45,2025-01-14,127.28,Store
486,22,2025-08-19,104.81,Online
487,44,2025-05-30,249.24,Online
488,33,2025-11-18,343.47,Online
489,26,2025-04-23,200.92,Store
490,8,2025-08-22,100.37,Store
491,37,2025-06-10,111.88,Store
492,18,2025-07-10,54.29,Partner
493,12,2025-12-09,63.31,Store
494,11,2025-09-18,96.07,Store
495,55,2025-06-01,88.66,Online
496,6,2025-06-13,31.94,Partner
497,44,2025-09-15,250.92,Store
498,48,2025-05-07,273.91,Store
499,2,2025-03-03,245.7,Online
500,33,2025-06-20,279.94,Online
501,32,2025-01-25,407.38,Store
502,20,2025-03-03,55.17,Online
503,37,2025-06-03,396.33,Online
504,23,2025-10-18,79.55,Partner
505,25,2025-10-13,163.5,Online
506,24,2025-04-06,24.75,Online
507,45,2025-06-04,71.69,Online
508,35,2025-02-26,204.73,Online
509,21,2025-10-03,168.88,Store
510,51,2025-03-31,78.34,Partner
511,45,2025-10-19,111.84,Partner
512,52,2025-11-04,65.7,Store
513,41,2025-09-09,204.36,Store
514,22,2025-05-01,261.84,Online
515,43,2025-12-14,55.38,Store
516,19,2025-09-08,103.66,Online
517,15,2025-08-24,30.69,Online
518,25,2025-11-09,124.57,Partner
519,54,2025-11-18,151.91,Store
520,32,2025-01-29,131.91,Online
521,22,2025-11-18,143.77,Store
522,26,2025-10-07,95.63,Online
523,17,2025-03-17,97.35,Online
524,37,2025-04-23,93.98,Online
525,20,2025-10-02,69.94,Online
526,31,2025-03-21,77.08,Online
527,21,2025-06-15,147.18,Online
528,18,2025-09-09,251.09,Online
529,54,2025-08-26,47.25,Online
530,20,2025-11-29,97.08,Partner
531,4,2025-02-10,38.68,Store
532,21,2025-04-18,70.98,Store
533,30,2025-12-26,80.72,Online
534,6,2025-07-27,118.38,Store
535,17,2025-04-01,116.02,Store
536,10,2025-04-16,102.98,Online
537,28,2025-05-04,138.97,Online
538,40,2025-07-22,51.35,Online
539,54,2025-04-14,119.08,Online
540,22,2025-08-15,172.15,Online
541,48,2025-06-12,50.79,Online
542,12,2025-08-11,19.93,Online
543,43,2025-02-26,203.27,Store
544,31,2025-08-16,39.85,Online
545,42,2025-12-04,68.2,Online
546,42,2025-02-19,168.85,Store
547,30,2025-04-30,48.55,Online
548,15,2025-09-11,194.1,Online
549,29,2025-08-14,60.36,
550,46,2025-09-04,54.3,Online
551,54,2025-07-24,38.86,Online
552,52,2025-09-07,60.81,Online
553,10,2025-08-11,153.82,Online
554,33,2025-01-28,68.21,Partner
555,6,2025-10-02,203.82,Partner
556,37,2025-06-13,106.06,Online
557,55,2025-01-19,112.89,Online
558,3,2025-05-30,52.89,Online
559,37,2025-06-08,223.77,Store
560,53,2025-02-01,173.09,Store
561,47,2025-12-30,169.84,Online
562,22,2025-03-23,91.58,Online
563,6,2025-05-01,34.52,
564,51,2025-06-10,117.25,Store
565,51,2025-10-31,149.41,Store
566,32,2025-09-29,150.43,Online
567,54,2025-10-09,136.92,Store
568,1,2025-03-28,133.03,Online
569,34,2025-11-05,60.12,Store
570,3,2025-10-30,62.57,Partner
571,52,2025-06-19,39.21,Online
572,38,2025-07-19,205.37,Online
573,51,2025-01-14,333.61,Store
574,31,2025-10-05,540.55,Online
575,5,2025-12-17,123.06,Store
576,2,2025-06-22,133.26,Online
577,19,2025-07-17,94.34,Store
578,41,2025-07-02,121.71,Online
579,9,2025-01-31,48.39,Online
580,47,2025-08-15,92.92,Online
581,14,2025-09-21,54.67,Online
582,28,2025-12-05,84.11,Online
583,12,2025-12-06,58.63,Store
584,26,2025-06-29,149.47,Online
585,25,2025-12-17,162.37,Online
586,1,2025-07-12,130.43,Online
587,32,2025-08-23,62.79,Online
588,44,2025-08-08,36.76,Store
589,52,2025-12-31,163.59,Partner
590,19,2025-09-27,105.65,Online
591,49,2025-02-13,19.04,Store
592,49,2025-01-27,116.56,Store
593,55,2025-05-30,133.95,Partner
594,21,2025-07-08,26.23,Online
595,47,2025-09-02,151.24,Online
596,32,2025-06-25,30.36,Online
597,4,2025-07-07,57.35,Store
598,15,2025-12-03,30.56,Store
599,37,2025-05-03,52.47,Online
600,9,2025-06-30,37.05,Online
601,24,2025-07-23,204.52,Store
602,43,2025-06-20,87.92,
603,9,2025-12-20,74.33,Online
604,28,2025-12-18,217.26,Store
605,12,2025-07-07,210.04,Online
606,30,2025-06-14,79.0,Online
607,14,2025-08-03,128.68,Online
608,54,2025-03-08,66.73,Store
609,5,2025-06-05,98.11,Partner
610,53,2025-03-21,43.29,Online
611,44,2025-02-22,141.85,Online
612,48,2025-02-04,222.86,Online
613,47,2025-08-03,197.85,Online
614,11,2025-01-01,109.22,Online
615,52,2025-08-24,17.09,Online
616,33,2025-06-07,64.3,Online
617,53,2025-05-14,98.02,Online
618,49,2025-10-08,32.76,Online
619,32,2025-07-16,27.62,Store
620,21,2025-09-25,263.05,Online
621,7,2025-09-16,182.87,Store
622,6,2025-01-12,149.38,Partner
623,22,2025-03-20,169.05,Store
624,45,2025-07-28,38.17,Online
625,28,2025-12-23,51.0,Online
626,27,2025-02-26,123.32,Store
627,14,2025-02-08,130.13,Online
628,32,2025-12-10,30.97,Online
629,36,2025-12-19,117.27,Online
630,55,2025-03-03,99.34,Online
631,41,2025-05-27,193.72,Online
632,34,2025-08-17,130.57,Store
633,51,2025-03-13,282.42,Online
634,24,2025-04-30,79.34,Online
635,52,2025-05-25,40.52,Store
636,21,2025-08-23,277.67,Online
637,8,2025-04-23,135.31,Store
638,23,2025-05-31,99.77,Online
639,8,2025-04-16,52.63,
640,7,2025-10-05,80.05,Partner
641,49,2025-02-25,76.85,Online
642,44,2025-03-26,38.93,Online
643,13,2025-04-02,11.73,Partner
644,47,2025-11-27,75.46,Store
645,4,2025-12-11,171.93,Store
646,16,2025-07-02,235.2,Online
647,39,2025-02-27,198.7,Online
648,17,2025-10-03,206.28,Store
649,41,2025-06-29,43.15,Online
650,49,2025-11-07,124.95,Online
651,4,2025-05-12,150.17,Store
652,2,2025-12-31,156.7,Online
653,52,2025-10-22,98.16,Online
654,29,2025-03-23,114.48,Online
655,28,2025-09-22,194.86,Online
656,26,2025-04-15,146.52,Store
657,24,2025-05-08,165.18,Store
658,38,2025-04-02,72.79,Online
659,32,2025-09-07,159.43,Online
660,9,2025-04-06,113.41,Online
661,35,2025-08-22,182.15,Online
662,37,2025-08-01,60.1,Online
663,7,2025-10-02,172.49,Partner
664,21,2025-12-29,80.89,Online
665,44,2025-01-04,173.02,Online
666,35,2025-12-28,125.51,Partner
667,8,2025-02-09,107.56,Online
668,3,2025-07-12,84.26,Partner
669,32,2025-05-05,100.08,Online
670,26,2025-08-22,75.6,Online
671,53,2025-09-21,82.94,Partner
672,29,2025-11-10,143.88,Online
673,52,2025-05-27,22.49,Online
674,12,2025-12-07,171.45,Online
675,25,2025-04-28,173.37,Store
676,8,2025-03-16,86.18,Store
677,32,2025-05-19,116.6,Online
678,11,2025-07-12,48.02,Store
679,28,2025-09-01,137.6,Store
680,19,2025-10-31,53.24,Online
681,11,2025-03-24,4.05,Online
682,6,2025-04-21,229.42,Online
683,29,2025-12-09,43.53,
684,53,2025-06-10,98.52,Online
685,11,2025-03-30,119.73,Online
686,23,2025-12-26,143.66,Online
687,13,2025-06-13,104.94,Online
688,45,2025-12-26,127.17,Store
689,23,2025-12-02,84.66,Online
690,54,2025-11-27,26.86,Partner
691,14,2025-08-01,102.05,Partner
692,5,2025-10-19,157.18,Store
693,33,2025-12-17,45.88,Partner
694,36,2025-04-09,120.59,Store
695,55,2025-01-14,318.38,Online
696,48,2025-04-28,97.24,Store
697,49,2025-08-21,100.92,Online
698,35,2025-07-19,24.71,Store
699,20,2025-01-30,41.27,Online
700,24,2025-07-24,53.73,Online
701,8,2025-03-05,153.08,Online
702,24,2025-07-04,48.62,Partner
703,21,2025-07-30,16.77,Online
704,2,2025-08-21,135.66,Online
705,12,2025-05-31,57.87,Online
706,30,2025-05-30,25.7,Online
707,21,2025-09-05,165.76,Store
708,55,2025-10-01,77.5,Store
709,27,2025-10-22,144.39,Online
710,53,2025-05-02,24.81,Online
711,37,2025-06-04,10.28,Online
712,3,2025-05-01,112.7,Online
713,12,2025-07-12,39.97,Store
714,39,2025-02-16,111.56,Store
715,30,2025-06-06,113.28,Online
716,17,2025-03-10,103.27,Store
717,29,2025-07-14,205.21,Online
718,50,2025-11-07,492.62,Store
719,22,2025-12-26,134.03,Online
720,3,2025-06-12,318.18,Store
721,18,2025-01-21,79.12,Online
722,52,2025-03-25,33.42,Partner
723,42,2025-02-08,61.09,Online
724,47,2025-10-05,82.76,Online
725,51,2025-12-26,335.27,Online
726,7,2025-07-22,107.55,Online
727,16,2025-03-06,210.22,Online
728,4,2025-01-08,74.15,Store
729,1,2025-12-23,67.3,Store
730,46,2025-04-26,23.79,Online
731,52,2025-02-10,328.47,Store
732,9,2025-03-06,256.35,Store
733,40,2025-04-04,121.47,Online
734,30,2025-08-28,86.48,Online
735,4,2025-11-22,110.51,Online
736,51,2025-04-11,32.16,Online
737,48,2025-09-08,144.2,Store
738,32,2025-01-24,242.85,Partner
739,39,2025-01-04,250.75,Store
740,22,2025-01-21,24.82,Online
741,44,2025-12-03,208.95,Store
742,25,2025-08-01,32.37,Store
743,55,2025-10-21,11.25,Online
744,4,2025-01-08,214.12,Store
745,10,2025-01-09,69.55,Online
746,54,2025-11-06,194.71,Online
747,16,2025-02-07,183.38,Online
748,18,2025-02-26,168.18,Online
749,44,2025-07-09,109.54,Store
750,11,2025-08-10,35.85,Online
751,29,2025-03-25,82.9,Online
752,16,2025-06-12,253.45,Online
753,11,2025-09-04,198.04,Online
754,54,2025-06-11,86.24,Online
755,11,2025-05-20,85.43,Online
756,6,2025-01-27,158.24,Store
757,38,2025-06-14,115.29,Online
758,48,2025-10-21,89.64,Store
759,8,2025-08-17,149.39,Online
760,39,2025-11-22,146.02,Store
761,30,2025-02-16,62.47,Store
762,46,2025-01-05,131.88,Online
763,7,2025-07-20,140.0,Online
764,54,2025-03-07,103.61,Partner
765,35,2025-08-05,57.13,Online
766,47,2025-11-26,80.94,Store
767,20,2025-05-04,47.87,Online
768,52,2025-07-20,134.37,Online
769,35,2025-09-06,24.97,Online
770,7,2025-02-24,270.34,Store
771,51,2025-11-24,235.53,Online
772,44,2025-03-16,142.31,Store
773,17,2025-10-23,190.46,Store
774,31,2025-08-29,182.14,Online
775,22,2025-02-21,116.55,Online
776,30,2025-09-22,91.52,Online
777,54,2025-03-13,83.92,Online
778,50,2025-08-07,276.74,Store
779,12,2025-12-17,55.45,Online
780,54,2025-12-14,56.36,Online
781,25,2025-11-15,201.59,Store
782,39,2025-06-30,189.25,Store
783,43,2025-07-24,87.58,Online
784,27,2025-04-20,152.83,Store
785,26,2025-12-03,166.59,Online
786,26,2025-06-24,34.25,Store
787,48,2025-10-09,245.37,Online
788,22,2025-05-12,166.56,Online
789,16,2025-09-28,144.12,Online
790,20,2025-03-23,167.42,Store
791,11,2025-09-25,132.45,Store
792,22,2025-01-17,99.32,Online
793,7,2025-02-08,117.29,Store
794,5,2025-05-09,31.39,Store
795,40,2025-06-25,347.37,Online
796,5,2025-09-17,98.1,Store
797,32,2025-05-12,343.62,Online
798,43,2025-01-07,118.71,Partner
799,40,2025-04-29,66.8,Online
800,25,2025-06-10,240.84,Online
801,11,2025-07-18,140.16,Online
802,52,2025-08-24,426.99,Online
803,46,2025-04-01,65.45,Store
804,34,2025-08-11,247.36,Online
805,5,2025-08-19,255.84,Online
806,2,2025-10-11,175.93,Online
807,18,2025-07-10,257.22,Store
808,9,2025-10-23,99.77,Store
809,48,2025-03-22,55.22,Online
810,12,2025-09-17,71.63,Online
811,16,2025-01-17,112.97,Online
812,54,2025-02-07,181.99,Store
813,46,2025-11-12,58.47,Store
814,13,2025-06-23,83.98,Store
815,22,2025-08-15,62.36,Store
816,29,2025-08-09,203.75,Online
817,37,2025-09-11,341.91,Store
818,52,2025-03-31,47.62,
819,48,2025-03-07,157.74,Online
820,54,2025-01-16,220.64,
821,3,2025-11-12,93.4,Online
822,13,2025-03-23,33.01,Partner
823,31,2025-07-29,239.39,
824,3,2025-06-16,31.1,Store
825,20,2025-03-01,285.45,Store
826,9,2025-06-01,61.3,Store
827,52,2025-01-31,26.86,Partner
828,4,2025-03-06,75.87,Online
829,9,2025-02-20,106.6,Online
830,11,2025-10-28,123.19,Online
831,9,2025-07-27,166.74,Online
832,32,2025-12-04,131.09,Store
833,21,2025-06-09,324.34,Online
834,51,2025-03-15,102.99,Online
835,15,2025-08-11,135.97,Online
836,30,2025-12-06,128.18,Online
837,37,2025-07-14,23.77,Store
838,35,2025-01-07,40.18,Online
839,44,2025-04-21,113.3,Store
840,12,2025-12-04,147.55,Store
841,28,2025-07-09,15.16,Store
842,45,2025-12-14,333.83,Online
843,48,2025-07-05,155.75,Store
844,34,2025-01-05,108.77,Online
845,36,2025-11-15,150.91,Online
846,48,2025-10-06,72.53,Store
847,35,2025-09-19,124.13,Store
848,53,2025-12-21,138.26,Online
849,8,2025-03-13,241.21,Store
850,20,2025-11-27,96.37,Online
851,7,2025-03-26,31.91,Store
852,5,2025-12-21,54.02,Partner
853,26,2025-03-11,90.72,Online
854,13,2025-07-20,35.32,Store
855,23,2025-10-16,49.19,Store
856,25,2025-01-29,54.44,Store
857,35,2025-01-25,86.19,Store
858,53,2025-11-07,154.37,Store
859,47,2025-01-23,83.14,
860,21,2025-08-13,161.51,Store
861,18,2025-12-09,108.84,Online
862,43,2025-08-13,50.62,Partner
863,7,2025-06-25,139.86,Online
864,30,2025-06-02,125.25,Online
865,24,2025-08-21,164.39,Store
866,11,2025-07-28,187.49,Online
867,34,2025-07-03,246.14,Online
868,18,2025-02-26,157.89,Store
869,11,2025-08-30,122.37,Online
870,36,2025-09-28,164.9,Online
871,10,2025-09-16,77.0,Online
872,38,2025-01-28,72.65,Online
873,9,2025-09-14,267.95,Online
874,24,2025-09-24,71.0,Online
875,45,2025-03-08,55.61,Online
876,13,2025-11-06,157.84,Online
877,43,2025-07-11,77.5,Online
878,40,2025-06-22,186.23,Store
879,50,2025-09-21,234.53,Store
880,10,2025-07-06,62.13,Online
881,40,2025-07-18,170.79,Online
882,52,2025-04-24,69.68,Store
883,42,2025-12-05,92.16,Store
884,11,2025-12-20,135.48,Online
885,46,2025-02-17,72.78,Online
886,6,2025-09-25,127.16,Online
887,33,2025-01-09,97.86,Store
888,28,2025-05-15,189.01,Partner
889,30,2025-12-21,189.33,Partner
890,29,2025-03-05,73.06,Online
891,2,2025-05-18,137.6,Online
892,28,2025-03-22,208.34,Online
893,52,2025-09-23,48.51,
894,25,2025-06-19,97.41,Online
895,16,2025-08-05,133.51,Store
896,55,2025-12-11,46.76,Online
897,6,2025-07-10,79.85,Partner
898,27,2025-09-25,303.11,Online
899,29,2025-02-05,70.84,Online
900,27,2025-03-20,77.0,Store
901,51,2025-12-12,156.67,Store
902,24,2025-11-10,42.03,Online
903,54,2025-08-28,98.96,Store
904,4,2025-05-19,56.05,Online
905,41,2025-03-14,127.0,Online
906,33,2025-11-07,4.77,Online
907,14,2025-10-14,115.09,Online
908,13,2025-03-30,136.06,Store
909,40,2025-08-04,81.42,Online
910,36,2025-08-14,85.3,Store
911,34,2025-06-24,74.0,Store
912,3,2025-12-05,98.02,Online
913,33,2025-02-15,270.22,Online
914,54,2025-04-05,192.88,Online
915,1,2025-02-04,97.95,Store
916,26,2025-09-10,79.87,Store
917,28,2025-08-24,181.17,Store
918,50,2025-12-27,121.38,Online
919,16,2025-07-17,45.78,Online
920,27,2025-02-24,89.88,Online
921,40,2025-06-14,252.12,Online
922,4,2025-02-02,152.53,Store
923,45,2025-09-02,80.53,Online
924,46,2025-09-04,29.87,Online
925,40,2025-11-10,126.56,Online
926,36,2025-05-05,109.27,Online
927,42,2025-04-24,95.76,Store
928,43,2025-01-27,182.5,Online
929,50,2025-06-01,153.8,Partner
930,24,2025-06-23,30.84,Store
931,26,2025-10-03,109.7,Store
932,36,2025-10-03,38.26,Store
933,11,2025-02-21,74.95,Store
934,48,2025-04-15,35.77,Store
935,43,2025-07-06,36.93,Online
936,35,2025-05-03,137.33,Online
937,17,2025-01-10,128.21,Store
938,20,2025-11-05,103.99,Online
939,24,2025-09-24,70.06,Online
940,37,2025-07-09,33.44,Store
941,43,2025-04-26,75.21,Online
942,37,2025-11-04,128.6,Online
943,52,2025-01-13,126.59,Store
944,53,2025-06-12,248.79,Online
945,39,2025-10-20,226.34,Store
946,21,2025-12-14,106.94,Online
947,33,2025-04-02,74.62,Store
948,24,2025-08-26,57.21,Store
949,35,2025-03-11,28.87,Online
950,45,2025-02-12,41.99,Online
951,21,2025-05-09,128.73,Online
952,28,2025-11-20,160.93,Online
953,3,2025-09-09,86.26,Online
954,41,2025-06-28,418.04,Partner
955,27,2025-04-14,42.34,Online
956,26,2025-02-21,26.27,Store
957,30,2025-04-09,413.48,Online
958,12,2025-02-25,31.98,Partner
959,33,2025-03-10,85.39,Online
960,41,2025-09-08,61.09,Online
961,20,2025-02-18,135.32,Store
962,8,2025-01-18,80.7,Online
963,22,2025-07-17,161.27,Store
964,11,2025-04-15,184.94,Online
965,21,2025-06-15,28.6,Online
966,35,2025-02-21,55.71,Online
967,7,2025-03-18,170.52,Store
968,42,2025-06-10,209.39,Online
969,13,2025-09-09,119.16,Online
970,50,2025-06-01,142.16,
971,41,2025-07-17,258.93,Online
972,15,2025-07-10,81.45,Online
973,31,2025-04-09,118.25,Partner
974,7,2025-04-13,226.5,Online
975,6,2025-06-05,235.65,Store
976,53,2025-01-12,98.56,Online
977,45,2025-09-08,57.15,Online
978,9,2025-08-13,97.77,Online
979,16,2025-04-22,104.63,Online
980,11,2025-05-17,55.5,Online
981,22,2025-04-30,62.29,
982,17,2025-08-26,235.86,Online
983,19,2025-10-05,146.62,Partner
984,30,2025-02-09,85.7,Online
985,11,2025-05-31,44.59,Online
986,49,2025-01-06,62.87,Online
987,41,2025-06-15,24.29,Online
988,42,2025-04-01,121.32,Store
989,10,2025-05-03,60.19,Online
990,39,2025-06-16,128.0,Store
991,46,2025-04-29,169.37,Online
992,10,2025-05-24,129.29,Online
993,42,2025-10-07,78.08,Partner
994,20,2025-10-23,53.23,Online
995,44,2025-01-03,39.25,Store
996,27,2025-05-18,221.39,Online
997,45,2025-11-06,125.47,Partner
998,9,2025-07-13,81.42,Online
999,22,2025-03-16,154.86,Online
1000,16,2025-08-05,198.99,Store
